,,,,,,SOLUTION SCOPE,,,,,,USER EXPERIENCE DATA,,,,,,,,,,,,,,,,,,,,,BUSINESS IMPACT DATA,,,,,,,,,,,,,,,,,,,,,ADDITIONAL DATA,,,,,,,,,PORTFOLIO REVIEW,,,
P'n'C Area,Solution name,Which Problem it Solves,What is the solution,Is a regulatory demand?,Owner's Name,Maturity Stage,Target User,Indirect Impact User,Main Journey Stage Impacted,Collateral Journey Stage Impacted,User Interface Platform,"Key Metric
User Experience",TARGET,JAN,FEB,MAR,APR,MAY,JUN,JUL,AUG,SEP,OCT,NOV,DEC,From where do you extract these infos?,Is the extraction: Manual or Automated?,"If manual, how much effort does it take to monitor results today?","If manual, what's the main reason why the extraction is not automated? 
(If none of the options attend, please input your reason)","If manual, what are the main steps you need to do to extract the data?",Tracking Frequency,Where do you monitor it?,"Key Metric
Business Impact",TARGET,JAN,FEB,MAR,APR,MAY,JUN,JUL,AUG,SEP,OCT,NOV,DEC,From where do you extract these infos?,Is the extraction: Manual or Automated?,"If manual, how much effort does it take to monitor results today?","If manual, what's the main reason why the extraction is not automated? 
(If none of the options attend, please input your reason)","If manual, what are the main steps you need to do to extract the data?",Tracking Frequency,Where do you monitor it?,What are the secondary (guardrail) metrics do you monitor?,"PJC 
Headcount Allocation (BAU) in hours in a year 
*only input numbers","PATO
Headcount Allocation (BAU) in hours in a year 
*only input numbers","Talent Acquisition
Headcount Allocation (BAU) in hours in a year 
*only input numbers","HRBP
Headcount Allocation (BAU) in hours in a year 
*only input numbers","PSE
Headcount Allocation (BAU) in hours in a year 
*only input numbers","Total
Headcount Allocation (BAU) in hours 
(Formula)","Total
Headcount Allocation (BAU) in # HC
(Formula)","[ONLY For PTech] 
People Tech Involvement Flag",Review Status: Which Problem it Solves,Review Status: What is the solution,Review Status: Headcount Allocation,Review Status: People Tech Involvement Flag
HRBP,M5+ Onboarding,"Having a structured onboarding process tailored for senior leaders (M5+) to addresses the challenge of integrating new hires into the company's unique culture and high-performance environment. It helps align new leaders with company expectations, accelerates their effectiveness, and maximizes opportunities for impactful contributions. This process mitigates risks of misalignment and delays, benefiting both individual leaders and the organization as a whole.","Offer a tailored framework for Sr Nuvinhos to ensure a seamless transition into our dynamic culture by leveraging HRBPs, managers, and buddies. It accelerates domain expertise, strategic alignment, and relationship building, enabling leaders to thrive and unlock opportunities within six months.",NO,Luiza Paganelli,2. Growth,People Manager - M5+,P&C: HRBP,(2) Start and adapt,(3) Perform my role,Google Docs; Google Sheets; Zoom; 1:1s,NPS,N/A,N/A,N/A,N/A,N/A,N/A,N/A,N/A,N/A,N/A,N/A,N/A,N/A,N/A,N/A,,,,N/A,N/A,% completion,N/A,N/A,N/A,N/A,N/A,N/A,N/A,N/A,N/A,N/A,N/A,N/A,N/A,N/A,N/A,,,,N/A,N/A,N/A,,,,24,,24,0.01,FALSE,Adjusted,Adjusted,Already Reviewed,Already Reviewed
HRBP,Engagement Survey - BU Actions Plan,Conduct a detailed data analysis and narrative for each BU to assist the GM and Leadership Teams in gaining a comprehensive understanding of the engagement survey results,"The Engagement Survey - BU Actions Plan is a strategic initiative that fosters effective action planning by promoting collaboration between HRBPs and BU leaders to thoroughly analyze survey results and craft specific, impactful action plans.",NO,Luiza Paganelli,1. Development,People Manager - M5+,All Nubankers,All,N/A,Visier & Qualtrics,% of users who feel more prepared after using the solution,N/A,N/A,N/A,N/A,N/A,N/A,N/A,N/A,N/A,N/A,N/A,N/A,N/A,N/A,Manual,,,,N/A,N/A,"Insightfulness Score (Avg. rating 1-5 on ""This report provided clear and actionable information.""",N/A,N/A,N/A,N/A,N/A,N/A,N/A,N/A,N/A,N/A,N/A,N/A,N/A,Visier & Qualtrics,Manual,,,,Per Semester,Visier & Qualtrics,N/A,,36,,960,,996,0.52,FALSE,Adjusted,Adjusted,Already Reviewed,Already Reviewed
HRBP,Talent Assessment,"Implementing a structured evaluation system for senior leadership development at Nubank ensures consistent evaluations and provides clear documentation to expedite strategic discussions. This system supports conversations about organizational ideation and structure, addresses retention challenges and mitigates risks of misalignment and underprepared leadership to enhance both individual and organizational success.

","The Talent Assessment evaluates Nubank's senior leaders on role fit, retention risk, strengths, and succession planning, ensuring alignment with organizational goals. By systematically addressing these areas, it identifies development opportunities and prepares effective successors",NO,Luiza Paganelli,3. Mature,People Manager - M5+,People Manager - All,(4) Develop myself and grow,(3) Perform my role,Google Docs and Slides,% of users who feel more prepared after using the solution,N/A,N/A,N/A,N/A,N/A,N/A,N/A,N/A,N/A,N/A,N/A,N/A,N/A,N/A,N/A,,,,N/A,N/A,% of completion,N/A,N/A,N/A,N/A,N/A,N/A,N/A,N/A,N/A,N/A,N/A,N/A,N/A,N/A,N/A,,,,N/A,N/A,N/A,,,,240,,240,0.13,FALSE,Adjusted,Adjusted,Already Reviewed,Already Reviewed
HRBP,M5+ Talent Brokering,The lack of a structured talent brokering process for senior leaders (M5+) results in suboptimal alignment of skills and roles across the organization. This situation leads to underutilization of talent and hinders organizational productivity and success.,"Run the M5+ brokering process, which focuses on identifying internal candidates for M5+ open roles across building blocks and establishing a centralized governance. 
",NO,Julia Burin,3. Mature,People Manager - M5+,People Manager - M5+,(3) Perform my role,(4) Develop myself and grow,Xavier/Google Docs,Time to Fill for M5+ Roles in Brokering Process,N/A,N/A,N/A,N/A,N/A,N/A,N/A,N/A,N/A,N/A,N/A,N/A,N/A,N/A,Manual,,,,Monthly,Google Docs,% High Performance rate (ratings >= 3) in the first performance cycle after the transfer,N/A,N/A,N/A,N/A,N/A,N/A,N/A,N/A,N/A,N/A,N/A,N/A,N/A,N/A,N/A,,,,N/A,N/A,N/A,,,24,96,,120,0.06,FALSE,Adjusted,Adjusted,Already Reviewed,Already Reviewed
HRBP,People Plan,The absence of a structured People Plan across HRBPs at Nubank has led to inconsistencies in aligning HR strategies with business objectives. This lack of a unified approach result in missed opportunities for talent optimization across Nu. ,"The People Plan initiative establishes a strategic and standardized framework for HRBPs, aligning HR strategies with business objectives. It ensures HRBPs can effectively integrate people metrics and qualitative assessments into business planning, fostering accountability and progress",NO,Luiza Paganelli,2. Growth,P&C: HRBP,People Manager - All,All,N/A,Google Docs and Slides; MIRO; Oracle,N/A,N/A,N/A,N/A,N/A,N/A,N/A,N/A,N/A,N/A,N/A,N/A,N/A,N/A,N/A,N/A,,,,N/A,N/A,N/A,N/A,N/A,N/A,N/A,N/A,N/A,N/A,N/A,N/A,N/A,N/A,N/A,N/A,N/A,N/A,,,,N/A,N/A,N/A,20,,,2820,,2840,1.49,FALSE,Adjusted,Adjusted,Already Reviewed,Already Reviewed
HRBP,Org Ideation,"Align the organizational structure with the company's overall strategy and objectives to support business outcomes effectively. Design a structure that best fits the organization's goals while ensuring compliance with legal, regulatory, and industry standards and requirements.","The Org Ideation initiative provides a structured reorganization process, aligning teams with strategic goals. It fosters collaboration between HRBPs and leaders, ensuring efficient team structures that bolster performance and resource allocation",NO,Luiza Paganelli,2. Growth,P&C: HRBP,"People Manager - All, All Nubankers",All,N/A,Google Docs and Slides; MIRO; Oracle,N/A,N/A,N/A,N/A,N/A,N/A,N/A,N/A,N/A,N/A,N/A,N/A,N/A,N/A,N/A,N/A,,,,N/A,N/A,N/A,N/A,N/A,N/A,N/A,N/A,N/A,N/A,N/A,N/A,N/A,N/A,N/A,N/A,N/A,N/A,,,,N/A,N/A,N/A,,18,,180,,198,0.10,FALSE,Adjusted,Adjusted,Already Reviewed,Already Reviewed
HRBP,Succession Plan - C-Level,Identify the talents and create growth plans to help them develop and succeed. The main focus is on developing talent to increase their readiness to take on a Mteam role and less of a check-in-the-box exercise of having names in a presentation.,"The succession plan for C-Levels is a strategy to identify, develop, and prepare internal talent to take on executive positions, ensuring continuity, stability, and sustainable growth in the company.",NO,Luiza Paganelli,3. Mature,MTeam,All Nubankers,(4) Develop myself and grow,(2) Start and adapt,"1:1s, Zoom, Meets",% of critical C-Levels positions with successors mapped,N/A,N/A,N/A,N/A,N/A,N/A,N/A,N/A,N/A,N/A,N/A,N/A,N/A,Google Doc,Manual,,,,N/A,N/A,TBD - Ideia: Time to fill C-Level vacancies? ,N/A,N/A,N/A,N/A,N/A,N/A,N/A,N/A,N/A,N/A,N/A,N/A,N/A,N/A,N/A,,,,Monthly,N/A,N/A,,,,10,,10,0.01,FALSE,Adjusted,Room for improvement,Already Reviewed,Already Reviewed
PATO,AskNu,"The lack of a centralized way of obtaining answers affects Nubankers in their day-to-day operations, leading to inefficiencies and frustration as they struggle to resolve their inquiries while navigating through multiple knowledge hubs and help centers.","The AskNu slackbot is a productivity tool empowered by AI that enables Nubankers to find the information they need by centralizing information and tools previously scattered across various knowledge bases, considering internal and external sources.",NO,Carolina Junqueira,1. Development,All Nubankers,N/A,(3) Perform my role,(2) Start and adapt,Slack,Monthly retention rate,70%,70.2%,72.2%,73.6%,72.4%,73.4%,69.5%,67.8%,64.8%,,,,,AskNu dataset,Automated,,,,Monthly,AskNu looker dash,Domain deflection,80%,98.0%,96.4%,96.0%,96.1%,96.0%,94.4%,93.9%,91.0%,,,,,AskNu dataset / AskPeople dataset,Automated,,,,Monthly,AskPeople looker dash,"MAU, CSAT, Response accuracy",,,,,,0,0.00,TRUE,Adjusted,Adjusted,To be reviewed,Already Reviewed
PATO,YODA,"Operational inefficiencies when consulting and executing their transactions, mainly with Oracle.Accessing the system and performing many actions involved time-consuming steps and multiple clicks. Users also struggled with the non-intuitive path into the system and not the best user experience","Slack bot conversation, that uses AI-powered and proprietary technology that centralizes interactions, approvals and notifications for transactions tasks for systems as Oracle and ADP",NO,Patricia Ferreira,2. Growth,All Nubankers,P&C: All,(3) Perform my role,(2) Start and adapt,Slack,"Time to successful task completion.
",N/A,N/A,N/A,N/A,N/A,N/A,N/A,N/A,N/A,N/A,N/A,N/A,N/A,N/A,Manual,High Effort,The way the data is collected today doesn't support automated extraction,,On demand,N/A,Saving hours,N/A,"804,59","873,74","752,19","908,69","907,79","831,04","739,11",,,,,,Dataset no Bigquery (API do yoda),Automated,,,,Monthly,Dashboard,Tool usage,0,2850,0,0,0,2850,1.50,TRUE,Room for improvement,Room for improvement,Already Reviewed,Already Reviewed
PATO,Ask People,"With many portals and slack channels, Nubankers lacked a trustworthy place to open inquiries, creating an ambient of non official replies and lack of data follow up.","ASK People is a single Jira portal which enables Nubankers to open tickets with inquiries about many subjects, receiving official answers approved by specific teams and aligned with their areas. Within this solution we can use ticket data for analysis, process creation and improvements.",NO,Daniele Nascimento,3. Mature,All Nubankers,N/A,All,N/A,Jira,CSat,97%,96%,96%,,,,,,,,,,,Jira,Automated,,,,Daily,Dashboard,Deflection,85%,91%,93%,93%,91%,90%,91%,89%,,,,,,Jira,Automated,,,,Daily,Dashboard,Ticket recontact; Cost per ticket; Cost avoided; SLA,0,19008,0,0,0,19008,10.00,TRUE,Adjusted,Adjusted,Already Reviewed,Already Reviewed
PATO,Qualtrics,"Run internal surveys, such as Engagement Pulse, in a easy and acessible way",Qualtrics is web based platform that allows us to create surveys and generate reports,NO,Renata Chizzola,2. Growth,P&C: PATO,N/A,(3) Perform my role,N/A,Qualtrics,% Dashboard Exploration Rate,N/A,N/A,N/A,N/A,N/A,N/A,N/A,N/A,N/A,N/A,N/A,N/A,N/A,Qualtrics,Automated,,,,Semiannualy,Qualtrics,% Active Users,N/A,N/A,N/A,N/A,N/A,N/A,N/A,N/A,N/A,N/A,N/A,N/A,N/A,Qualtrics,Automated,,,,Semiannualy,Qualtrics and Visier,No sucess metrics are tracked,0,120,0,0,0,120,0.06,TRUE,Room for improvement,Room for improvement,Already Reviewed,Already Reviewed
PATO,Visier,"- Quick and easy access to information about our workforce
 - Analyze key data, including people's demographics, terminations, tenure, and much more
- Data Transparency
- Data hub for P&C data for all nubankers","Software with a interactive interface that allows Nubankers, managers, P&C employees to analyse data and geneate insights",NO,Renata Chizzola,2. Growth,People Manager - All,"P&C: All, All Nubankers",(3) Perform my role,N/A,Visier,Task Success Rate ,N/A,N/A,N/A,N/A,N/A,N/A,N/A,N/A,N/A,N/A,N/A,N/A,N/A,Survey,Automated,,,,Semiannualy,Sheets,Active unique users,1160,1354,1222,1123,1415,1247,1513,2531,,,,,,Visier,Automated,,,,Monthly,Dashboard,Time spent in the tool; Content visited,0,5200,40,0,40,5280,2.78,FALSE,Room for improvement,Room for improvement,Already Reviewed,Already Reviewed
PATO,Data Platform,"Enable analysts to capture, combine, interconnect, explore, and visualize data from multiple sources, and therefore extract insights from employee journey data as an input for business decisions.","An analytics data platform is an ecosystem of technologies and services needed to analyze large amounts of complex and dynamic data. It enables you to capture, combine, interconnect, explore, and visualize data from multiple sources.",NO,Vanessa Huang,2. Growth,P&C: PATO,P&C: All,(3) Perform my role,N/A,"Big Query, Itaipeople",N/A,N/A,N/A,N/A,N/A,N/A,N/A,N/A,N/A,N/A,N/A,N/A,N/A,N/A,N/A,N/A,,,,N/A,N/A,Nr of crashes (when big query is overloaded),TBD,-,-,,,,,,,,,,,API Google,Automated,,,,On demand,Alerts on slack,N/A,0,4608,0,0,0,4608,2.43,TRUE,Room for improvement,Room for improvement,Already Reviewed,Already Reviewed
PATO,Oracle,"Inneficient, meaning decentralized and mostly manual, core HR information management","Cloud-based HRIS which serves as an unified platform that integrates essential HR systems and processes, providing a single source of truth for HR-related information",NO,Ariel César Vicente,3. Mature,All Nubankers,N/A,(3) Perform my role,N/A,Oracle,Number of support tickets,TBD,-,-,,,,,,,,,,,Jira,Manual,Low Effort,Low tracking frequency,,Quarterly,Sheets,"Average time spent completing tasks in the system, considering both internal user flows (referred to as admins) and regular Nubankers",TBD,-,-,,,,,,,,,,,Oracle,Manual,Medium Effort,The way the data is collected today doesn't support automated extraction,Extract data from OGL (specific tool in Oracle) and add it to a database in Sheets ,Monthly,Sheets,Time to approval of flows that require validation of multiple teams,0,2080,0,0,26,2106,1.11,TRUE,Room for improvement,Room for improvement,Already Reviewed,Already Reviewed
PATO,Cronut,"Nuvinho without information, support or not fulfilling critical tasks in their first 90 days","Interface that allows organized and planned communication with nuvinhos, managers and colleagues via Slack in the onboarding process",NO,Ariel César Vicente,2. Growth,New Hires,People Manager - All,(2) Start and adapt,N/A,Google Sheets; Slack,Sean Ellis score,40%,-,-,,,,,,,,,,,Google Forms,Manual,,,,On demand,Sheets,Number of support request tickets,TBD,,,,,,,,,,,,,Jira,Automated,,,,Monthly,Sheets,N/A,208,104,0,0,0,312,0.16,TRUE,Room for improvement,Room for improvement,Already Reviewed,Already Reviewed
PATO,PADT Intake Process,Ongoing demands arriving for PADT without organization or pattern through multiple channels and teams and getting lost,Unified channel via Jira for requesting and tracking demands for PADT,NO,Ariel César Vicente,3. Mature,P&C: All,All Nubankers,(3) Perform my role,N/A,Jira,Task completion confidence rating,TBD,-,-,,,,,,,,,,,Jira,Automated,,,,Quarterly,Sheets,Percentage of tickets that are problematic (incomplete or incorrectly allocated).,TBD,,,,,,,,,,,,,Jira,Automated,,,,Monthly,Sheets,CES,0,78,0,0,0,78,0.04,TRUE,Room for improvement,Room for improvement,Already Reviewed,Already Reviewed
PATO,Offboarding self-service,Lack of clarity of the next steps during the offboarding journey.,"Nubankers request their voluntary resignation via Oracle through a guided journey uploading their resignation letter and filling the exit interview. After approval, there's Offboarding Journey Guides via Google Sites for voluntary and involuntary process. Only available in Brazil",NO,Marcus Lucarello,2. Growth,Ex-Nubankers,"People Manager - All, P&C: PATO, All Nubankers",(6) Resign or get terminated,N/A,"Oracle, Google Sites",Effort score,5.5,-,6.7,6.6,6.3,,,,,,,,,Oracle (OGL),Manual,Low Effort,The way the data is collected today doesn't support automated extraction,"I need to go to the OGL dashboards page and extract the resignation survey data for the selected period. Once I've done that, I'll receive the data in my email and send it to the Pdata team",Monthly,WIP Dashboard,Reduction in the Number of Support Tickets about Voluntary Termination,10%,-,-,-,71%,100%,39%,33%,,,,,,Ask People,Automated,,,,Monthly,WIP Dashboard,% of errors and reworks on the resignation letter,0,208,0,0,0,208,0.11,TRUE,Room for improvement,Adjusted,Already Reviewed,Already Reviewed
PATO,Onboarding journey,"Operational inefficiencies in sending documentation by email and inserting hiring data manual, generating inconsistencies in Nubankers' registration information",The Oracle Onboarding journey is the module where Nuvinhos himself fills in the admission data and uploads the documents that allow him to start working at Nubank,YES,Luciene Carneiro,3. Mature,New Hires,"All Nubankers, P&C: All",(2) Start and adapt,N/A,Oracle,% of users who complete the onboarding journey correctly without assistance,N/A,N/A,N/A,N/A,N/A,N/A,N/A,N/A,N/A,N/A,N/A,N/A,N/A,Jira AskPeople and admission control spreadsheet,Manual,Low Effort,"We are working on this automation, but there are many different rules and backgrounds",Extract the tickets  data from Jira and cross-reference it with the hiring volume in that window,Monthly,Sheets,% Data Compliance Rate (GH x Oracle x ADP),100%,100%,100%,,,,,,,,,,,Oracle x GH x ADP,Manual,Medium Effort,"We are working on this automation, but there are many different rules and backgrounds",Extract ticket data from Oracle x ADP x GH and validate data between systems,Monthly,Sheets,N/A,48,2304,96,48,96,2592,1.36,TRUE,Adjusted,Adjusted,Already Reviewed,Already Reviewed
PATO,Leaves & Vacation module,"Previously, direct leaders faced challenges in monitoring and managing sick leave and vacation processes due to difficulty accessing the existing system. This lack of visibility and control led to process execution failures, delays, and communication gaps","The implementation of Oracle's Leave and Absence Module streamlines requests for Nubankers, automates approvals, and integrates data with payroll, ensuring transparency and efficiency.",YES,Luciene Carneiro,3. Mature,All Nubankers,All Nubankers,(3) Perform my role,(5) Interrupt and get back to work,Oracle,% Vacation schedule the correct channel,N/A,N/A,N/A,N/A,N/A,N/A,N/A,N/A,N/A,N/A,N/A,N/A,N/A,Oracle,Manual,Low Effort,The automation is under development,Extracting and consolidating Oracle report data,Monthly,Sheets,% of Data Compliance Rate between Systems (Oracle x ADP),100%,100%,100%,,,,,,,,,,,Oracle x ADP,Manual,Medium Effort,The automation is under development,Extracting and consolidating Oracle report data,Monthly,Sheets,N/A,0,1536,0,96,48,1680,0.88,TRUE,Adjusted,Adjusted,Already Reviewed,Already Reviewed
PATO,Time management,"Operational inefficiencies in working day management, due to lack of integration between the working day management system and payroll, leave the process subject to errors in the execution of Nubanker payments","The Nubankers work schedule management system to record and track working hours, overtime or lost hours, thus facilitating the management of the process and integrating the information with the payroll.",YES,Luciene Carneiro,2. Growth,Nubankers: Ops,"Individual Contributor - IC4- , People Manager - M1/M2",(3) Perform my role,N/A,Oitchau,# Opened AskPeople Ticket,N/A,N/A,N/A,N/A,N/A,N/A,N/A,N/A,N/A,N/A,N/A,N/A,N/A,Jira,Automated,,,,Monthly,Dashboard,N/A,N/A,N/A,N/A,N/A,N/A,N/A,N/A,N/A,N/A,N/A,N/A,N/A,N/A,N/A,N/A,,,,N/A,N/A,N/A,0,3072,0,96,96,3264,1.72,TRUE,Adjusted,Adjusted,Already Reviewed,Already Reviewed
PATO,Payroll management,"Ensuring compliance with local rules and regulations, providing accuracy in payroll calculation, processing and payment, freeing up time and resources.","Payroll processing, tax filing, accounting and compliance to ensure accurate and legal payroll management.",YES,Nelson Choueri,3. Mature,All Nubankers,N/A,(3) Perform my role,N/A,"ADP, TMF, JA Del Rio",Payroll Tickets Volume,TBD,"SLA: 93%
CSAT: 100%","SLA: 90%
CSAT: 100%",,,,,,,,,,,Jira,Automated,,,,Monthly,Dashboard,Payroll Accuracy,99%,98.2%,97.5%,99.0%,99.7%,99.5%,97.8%,N/A,N/A,N/A,N/A,N/A,N/A,Payroll ,Manual,Low Effort,The way the data is collected today doesn't support automated extraction,"Payroll closing, data collection, consolidation",Monthly,Sheets,Payroll timeliness / Compliance,0,3456,0,0,168,3624,1.91,TRUE,Adjusted,Adjusted,Already Reviewed,Already Reviewed
PATO,Contracts management,Electronic signature of employment documents under People Ops scope of services.,"Ensure the basics right for employees, through signed documents with their proper effective addendum clauses, terminations letter and TAE  according to the legal requirements applicable per each location.",YES,Nelson Choueri,1. Development,All Nubankers,N/A,(2) Start and adapt,N/A,"NetLex, Docusign",Usage of Alternate Methods Rate,TBD,N/A,N/A,N/A,N/A,N/A,N/A,N/A,N/A,N/A,N/A,N/A,N/A,"Docusign, Netlex, Google sheets",Manual,Medium Effort,The way the data is collected today doesn't support automated extraction,,Monthly,Sheets,% of Automation in Employment Document Process,TBD,N/A,N/A,N/A,N/A,N/A,N/A,N/A,N/A,N/A,N/A,N/A,N/A,Google sheets,Manual,Medium Effort,The way the data is collected today doesn't support automated extraction,"Data collection, update on automation control, claculation of the metric.",Monthly,Sheets,Automation rate (People Ops),0,1152,0,0,0,1152,0.61,TRUE,Adjusted,Adjusted,Already Reviewed,Already Reviewed
PJC,Mandatory Training Solution,"Non-compliance with regulatory and operational requirements affects Nubank's ability to maintain its license to operate in the countries where we have operations, leading to potential operational, financial, regulatory or/and reputational risks.","The Mandatory Training Solution is a compliance automation system that enables Nubank to ensure regulatory and operational adherence by centralizing training access, sending notifications, and tracking completion automatically.",YES,Liliane Takemoto,3. Mature,All Nubankers,People Manager - All,(3) Perform my role,(2) Start and adapt,LearnUpon,# Opened AskPeople Ticket related to MT (below is better),57,42,68,17,13,16,12,13,11,,,,,Jira,Manual,,,,Monthly,Google Sheet,"Overall On time Completion Rate: Of all enrollments that were due this month, how many were completed on time?",80%,74.1%,82.9%,70.7%,72.7%,63.2%,79.8%,85.1%,78.8%,,,,,LearnUpon,Automated,,,,Daily,Dashboard,"> Monthly Issues in MT configuration;
> Recurrent Issues in Configuration;
> % of Data Monitored in Learnupon
> CSat AskPeople;
> SLA AskPeople;",760,20,0,0,0,780,0.41,TRUE,Room for improvement,Adjusted,Already Reviewed,Already Reviewed
PJC,Culture Talks,"Reduced engagement among Nubankers with 3 to 5 years of tenure affects the decreased cultural alignment, risking diminished satisfaction and productivity.","Culture Talks is a virtual or in-person session that enhances understanding and practice of Nubank's Values, conducted by M-Team members or Culture Amplifiers. It aims to cultivate new Culture role models and customizes the audience based on tenure, level, and area",NO,Leo Assarito,1. Development,All Nubankers,N/A,(3) Perform my role,(2) Start and adapt,Training/Development Session In-Person ; Zoom,Sean Ellis,80,N/A,N/A,N/A,N/A,N/A,,,,,,,,Google Forms,Manual,Medium Effort,"The product is new and once it's on the PMF phase, we did not prioritize the automation until we're certain of its PMF",Create a Google Forms > Sent to the participants > Collect the metric > make a formula on Google Sheets to extract the metrics per session,Per Session Delivered,Google Sheet,Culture Score,80%,81,81,81,81,N/A,N/A,N/A,N/A,,,,,Qualtrics,Automated,,,,N/A,N/A,N/A,300,0,0,0,0,300,0.16,FALSE,Adjusted,Adjusted,Already Reviewed,Already Reviewed
PJC,Purple Side of the Moon,"Lack of a go-to innovation product at Nubank hinders the ability of teams to turn challenges into opportunities, affecting all employees and their alignment with company values, especially during solution-oriented projects.",The Purple Side of the Moon is an in-person collaborative event that facilitates the development of innovative solutions aligned with Nubank's core values to address the edition's key challenge.,NO,Pedro Reis,1. Development,All Nubankers,N/A,(3) Perform my role,(4) Develop myself and grow,Forms,NPS,80,N/A,N/A,N/A,N/A,N/A,,,,,,,,Voting Comitee,Manual,Low Effort,Low tracking frequency,,Per Session Delivered,Internal Sheet,Ideas implemented,50%,N/A,N/A,N/A,N/A,N/A,N/A,N/A,N/A,N/A,N/A,N/A,N/A,Google Forms,Manual,Low Effort,,,N/A,N/A,NPS,150,0,0,0,30,180,0.09,FALSE,Adjusted,Adjusted,Already Reviewed,Already Reviewed
PJC,UP for first milestone managers,"The lack of clarity in the manager's role at Nubank affects recently hired and newly promoted managers on the first levels of management, leading to less effective people management.","The Up Program is a development program that enables first-level managers to lead teams with confidence by providing tools and training on team development, feedback, difficult conversations, and people management processes",NO,Adriane Moreira,3. Mature,People Manager - M1/M2,Individual Contributor - IC5/IC6,(2) Start and adapt,(3) Perform my role,Zoom,CSAT,90,N/A,N/A,94,94,100,100,N/A,,,,,,Zoom poll,Manual,Low Effort,The way the data is collected today doesn't support automated extraction,Build the zoom poll / extract the data from zoom / upload it to an internal sheet,Per Session Delivered,Internal Sheet,Increase in management skills proficiency in perf cycle,N/A,N/A,N/A,N/A,N/A,N/A,N/A,N/A,N/A,N/A,N/A,N/A,N/A,Qulture.Rocks,Manual,Medium Effort,Low tracking frequency,Download the QR base / extract the data from management box / data analysis,Quarterly,Internal sheets,Engagement Pulse question: “My manager provides me with timely and helpful feedback”,380,,,,,380,0.20,FALSE,Adjusted,Adjusted,Already Reviewed,Already Reviewed
PJC,Just Do It Awards,"Lack of awareness and recognition of Nubank's values in strategic projects results in decreased alignment with company culture, affecting all employees and diminishing the impact of these values in daily operations.",Just Do It Awards is a recognition program that celebrates outstanding projects across the company by honoring the application of Nubank's values.,NO,Leo Assarito,3. Mature,All Nubankers,N/A,(3) Perform my role,N/A,Forms,Culture Recognition ,80,81,81,81,81,81,81,N/A,N/A,N/A,N/A,N/A,,Google Forms,Manual,,,,Per Session Delivered,Internal Sheet,Number of cases application,22,55,55,55,55,55,55,N/A,N/A,N/A,N/A,N/A,,Google Forms,Manual,Low Effort,Low tracking frequency,,Per Session Delivered,N/A,NPS | Sean Ellis ,403,0,0,0,170,573,0.30,FALSE,Adjusted,Adjusted,Already Reviewed,Already Reviewed
PJC,Onboarding,"Inadequate preparation for new hires to sit in the purple chair during onboarding leads to poor adherence to company values, increasing the risk of frustration and premature dismissals, impacting new employees' ability to thrive in their roles.","Onboarding Program is a comprehensive experience platform that helps new members integrate seamlessly into the organization by providing training, communications, virtual sessions, and asynchronous content.",NO,Manuela Prado,3. Mature,New Hires,"N/A, New Hires",(2) Start and adapt,(5) Interrupt and get back to work,Zoom + Nucleo,NPS,80,88,98,93,93,95,95,98,,,,,,Google Forms,Automated,,,,Monthly,Dashboard,Rehire Favorability,90,98,97,93,N/A,N/A,N/A,,,,,,,Google Forms,Automated,,,,Monthly,Dashboard,CSat | Rehire Favourability | Values Question,960,150,300,212,190,1812,0.95,FALSE,Adjusted,Adjusted,Already Reviewed,Already Reviewed
PJC,Internship Development Program,"The lack of skills and knowledge affects interns in their early career development, leading to potential challenges in performance, adaptability and development.",The Internship Development Program is a development pathway that enables Nubies upskilling by providing specific training based on their career moment.,NO,Yago Guimarães,3. Mature,Intern,N/A,(2) Start and adapt,(3) Perform my role,Zoom + Nucleo,NPS,90,N/A,N/A,N/A,N/A,N/A,N/A,N/A,,,,,,Google Forms,Manual,Low Effort,Low tracking frequency,"Build forms, ask for feedback and extract the results",Per Session Delivered,Internal Sheet,Probability of intern conversion (Perf. Cycle question),N/A,N/A,N/A,N/A,N/A,N/A,N/A,N/A,N/A,N/A,N/A,N/A,N/A,Performance data,Manual,Low Effort,Low tracking frequency,"Request data to Performance Team, process data, generate report",Semiannually,Internal sheets,N/A,40,,,,,40,0.02,FALSE,Adjusted,Adjusted,Already Reviewed,Already Reviewed
PJC,The Values Playbook,"Addresses the strategic challenge of ensuring Nubank's core values are consistently applied in daily work. It provides a unified path to prevent cultural fragmentation, ensuring that as teams face unique challenges, they remain aligned with the values that serve as the company's ""North Star"". The goal is to translate abstract principles into concrete, actionable behaviors to strengthen our culture.","Playbook is an integrated Employee Journey solution that addresses employee issues with clear, practical guidance across career stages. A principles-based (not procedural) resource to reinforce, communicate and protect Nubank’s culture, ensuring decisions reflect our five core values.",NO,Pedro Reis,1. Development,All Nubankers,N/A,(3) Perform my role,(2) Start and adapt,N/A,Culture Score Favorability,80,N/A,N/A,N/A,N/A,,,,,,,,,Qualtrics,N/A,,,,N/A,N/A,Engagement Score,80%,N/A,N/A,N/A,N/A,,,,,,,,,Qualtrics,Automated,,,,N/A,N/A,N/A,50,0,0,0,0,50,0.03,FALSE,Adjusted,Adjusted,Already Reviewed,Already Reviewed
PJC,Values Workshop,"The lack of proactive actions based on Nubank's values affects nubankers to develop solutions alligned with the company perspective, leading to misalignment with our culture.",The Values Workshop provides real-life examples and case discussions for the audience based on their area realities.,NO,Pedro Reis,1. Development,All Nubankers,N/A,(3) Perform my role,(2) Start and adapt,Zoom,NPS,80,N/A,N/A,N/A,N/A,N/A,N/A,N/A,N/A,N/A,N/A,N/A,N/A,Google Forms,Manual,Low Effort,Low tracking frequency,,Per Session Delivered,Internal Sheet,Engagement Survey,80%,N/A,N/A,N/A,N/A,N/A,N/A,N/A,N/A,N/A,N/A,N/A,N/A,Qualtrics,Automated,,,,N/A,N/A,N/A,70,0,0,12,25,107,0.06,FALSE,Adjusted,Adjusted,Already Reviewed,Already Reviewed
PJC,GM Academy Bootcamp,"Lack of specific knowledge (tech and leadership skills) affects GMs performance and effective collaboration, leading to low technical bar and low enterprise thinking.","The GM Academy Bootcamp is an immersive development program that enables GMs upskilling, by offering learning and connection opportunities.",NO,Marina Pimentel,1. Development,People Manager - M5+,MTeam,(3) Perform my role,(4) Develop myself and grow,Training/Development Session In-Person,NPS,80,N/A,N/A,N/A,N/A,N/A,N/A,N/A,,N/A,N/A,N/A,N/A,Google forms,Manual,Low Effort,Low tracking frequency,"build forms, ask for feedback from participants, extract results",Per Session Delivered,Internal Sheet,Evolution of skills explored during the initiative,N/A,N/A,N/A,N/A,N/A,N/A,N/A,N/A,N/A,N/A,N/A,N/A,N/A,Performance data,Manual,Medium Effort,Low tracking frequency,"request data to performance team, process data, generate report",Per Session Delivered,Internal sheets,ONA Scores,640,2,0,0,0,642,0.34,FALSE,Adjusted,Adjusted,Already Reviewed,Already Reviewed
PJC,Key Talent Management,"Lack of robust talent identification processes with a data-centric approach affects HRBPS and Managers in creating intentional development opportunities for Nubankers, hinder Nubank's ability to intentionally develop talent pipeline.","Process to identify and keep track of Nu's key talents, making sure we are retaining intellectual capital in critical positions and also having a sustainable talent pipeline. 4 stages: 1) Map every KT at Nu, 2 - Stay Interviews; 3 - Personalized Development (by HRBP + Manager), 4 - yearly Review",NO,Luisa Viotti,2. Growth,P&C: HRBP,"P&C: HRBP, People Manager - M5+",(3) Perform my role,(4) Develop myself and grow,"Looker, Confluence; Google sheets",# of BUs joining the exercise throughout the year,100% BUs,0.99,0.99,0.99,0.99,,,,,,,,,Looker  ,Manual,,,,Per Session Delivered,Looker,KT Retention Rate,1,N/A,N/A,N/A,N/A,,,,,,,,,Visier,Manual,,,,Per Session Delivered,Visier,"Performance, promotion rate, maintaing status of KT YoY, Development opportunities, brokering",208,40,0,400,0,648,0.34,FALSE,Adjusted,Adjusted,Already Reviewed,Already Reviewed
PJC,Levelling,"Complex information about what to expect from professionals at each level and decentralized governanc, wirh more than 40 different leveling structures.
","Create a standard framework fand tool or Nu's leveling, helping create clear and efficient progression paths for IC & Manager careers
",NO,Natalia Resende,1. Development,All Nubankers,All Nubankers,(3) Perform my role,(4) Develop myself and grow,Acaso,"CSAT: ""The new leveling provides me clarity about Nubanks Career Paths""""
",N/A,N/A,N/A,N/A,N/A,N/A,N/A,N/A,N/A,N/A,N/A,N/A,N/A,Polly,Manual,Medium Effort,Low tracking frequency,,Monthly,WIP Dashboard,"Adoption Rate: ""Number of access/views per person and/or per period""",N/A,N/A,N/A,N/A,N/A,N/A,N/A,N/A,N/A,N/A,N/A,N/A,N/A,Acaso,Automated,Low Effort,,,N/A,WIP Dashboard,Acess and engagment metrics,1200,100,40,250,20,1610,0.85,FALSE,Adjusted,Adjusted,Already Reviewed,Already Reviewed
PJC,Career Platform,"Lack of a unified, connected environment for career and skills assessment and monitoring affects three groups - Nubankers (IC), People Managers, and HRBP - during career-related decision-making and business talent mapping. This leads to a loss of speed in talent decision-making processes, increased manual workload during organizational changes, and a decrease in accuracy when making career decisions.","The ""NuCareer Hub"" is a platform that enables 3 key users (Nubanker, Ppl Manager, and HRBP) to effectively navigate career-related products. It achieves this by creating an integrated ecosystem of information to facilitate the development and management of career and opportunities.",NO,Thuani Rodrigues,1. Development,All Nubankers,"N/A, People Manager - All",All,All,Acaso,# Journey steps completed within Career Hub,N/A,N/A,N/A,N/A,N/A,N/A,N/A,N/A,N/A,N/A,N/A,N/A,N/A,Acaso,Automated,,,,Daily,Acaso,"Unique uses rate
Precision rate (recommendation)
Sean Ellis/NPS
# reduce the gap between skills/ capabilities required x available - H2
# reduce P&C parallel tools related to career management
Career Questions Engagement Scores",N/A,N/A,N/A,N/A,N/A,N/A,N/A,N/A,N/A,N/A,N/A,N/A,N/A,Acaso,Automated,,,,Monthly,Acaso,"Already pointed on C""R""",480,272,0,0,0,752,0.40,TRUE,Adjusted,Adjusted,Already Reviewed,Already Reviewed
PJC,NuTalent Hub (Business Profile),"Lack of talent visibility (skills, strengths, development needs, career aspirations) and inefficient talent allocation/redeployment create slow, unscalable, manual, and biased processes, hindering succession planning and the development of a robust talent pipeline at Nubank.","The NuTalent Hub helps Nubank (P&C and leaders) to enhance strategic talent decision-making by leveraging AI-driven data insights, we can match business needs with talent profiles and skills, ensuring we have the right people in the right place at the right time.",NO,Luisa Viotti,1. Development,P&C: HRBP,"P&C: All, People Manager - All",(4) Develop myself and grow,(3) Perform my role,Acaso,# accesses; talent searches conducted ,TBC,N/A,N/A,N/A,N/A,N/A,N/A,N/A,N/A,N/A,N/A,N/A,N/A,Acaso,Automated,,,,Weekly,Analytics (under development) of Acaso's platform,"# of talent suggested, qualified and allocated in new business challenges",N/A,N/A,N/A,N/A,N/A,N/A,N/A,N/A,N/A,N/A,N/A,N/A,N/A,Oracle / Acaso / Informally via HRBP,Manual,,,,Per Session Delivered,Under development,Sean Ellis HRBPs and Managers impacted,1584,272,48,240,24,2168,1.14,TRUE,Adjusted,Adjusted,Already Reviewed,Already Reviewed
PJC,NuCareer Hub (Nubanker's Profile),"Lack of self-awareness, autonomy and protagonism affects all nubankers in their career journey in Nubank, leading to confusion about the best way to manage career development inside Nubank","NuCareerHub is a career product that enables all Nubankers to connect their professional information by integrating LinkedIn profile information, self-assessed tasks and skills to create a unique profile with career insights, career plan opportunities, and more accurate career objectives connected with Nubank's Leveling.",NO,Thuani Rodrigues,1. Development,All Nubankers,N/A,(4) Develop myself and grow,(3) Perform my role,Acaso,PMF,50%,N/A,N/A,N/A,N/A,N/A,N/A,N/A,N/A,N/A,N/A,N/A,N/A,Google Forms,N/A,,,,N/A,N/A,"Adoption (Completed Skills, Goals and Career Plan)",40%,N/A,N/A,N/A,N/A,N/A,N/A,N/A,N/A,N/A,N/A,N/A,N/A,Dashboard Acaso,Automated,,,,Weekly,Dashboard,"Engagement, product satisfaction, conversion rates, user navigation",2160,272,0,0,0,2432,1.28,TRUE,Adjusted,Adjusted,Already Reviewed,Already Reviewed
PJC,Purple Rockets,"Inconsistent and unstructured development experiences affect high-potential IC4 individual contributors in tech functions in Mexico who are preparing for senior individual contributor roles (IC5), leading to varied levels of preparedness for senior responsibilities and a slower average career progression.","Purple Rockets is an 18-month program for high-potential IC4 tech talents in Mexico. It offers a structured journey focusing on Culture, Business Acumen, and Tech Skills, using blended learning to accelerate their development into Senior IC5s.",NO,Raul Araujo,1. Development,All Nubankers,"N/A, Individual Contributor - IC4-, Individual Contributor - IC4- ",(2) Start and adapt,(4) Develop myself and grow,Degreed + 3rd Party (TBD),NPS,80%,N/A,N/A,N/A,N/A,N/A,N/A,N/A,N/A,N/A,N/A,N/A,N/A,Zoom,Manual,,,,N/A,N/A,The % of Participants Promoted or with Promo Flag/Promo Readiness to IC5 after the 18 months of the program,60%,N/A,N/A,N/A,N/A,N/A,N/A,N/A,N/A,N/A,N/A,N/A,N/A,Visier,Manual,,,,N/A,N/A,N/A,1900,,,,,1900,1.00,,,,,
PSE,Benefits Module on Oracle,"Streamlines benefits administration, enhances employee self-service and integrates with other systems.",A streamlined Oracle module for managing and updating employee benefits.,NO,Artur Augelli,3. Mature,All Nubankers,P&C: PSE,(2) Start and adapt,N/A,Oracle,N/A,N/A,N/A,N/A,N/A,N/A,N/A,N/A,N/A,N/A,N/A,N/A,N/A,N/A,N/A,N/A,,,,N/A,N/A,N/A,N/A,N/A,N/A,N/A,N/A,N/A,N/A,N/A,N/A,N/A,N/A,N/A,N/A,N/A,N/A,,,,N/A,N/A,N/A,,,,,240,240,0.13,TRUE,Adjusted,Room for improvement,Already Reviewed,Already Reviewed
PSE,Nubreak,"Take care of Nubankers
when they need to interrupt
and get back to work.",Journey of care for Employees and Managers. Performance policy for extended leaves,NO,Artur Augelli,2. Growth,All Nubankers,"People Manager - All, All Nubankers, New Hires",(5) Interrupt and get back to work,N/A,Jira,Csat - Overall leaves experience for Nubankers ,>=4,N/A,4.5,4.6,4.6,4.6,4.67,N/A,N/A,N/A,N/A,N/A,N/A,Survey,Manual,,,,On demand,Forms / Checklist,Reduce Performance Bias ,N/A,N/A,N/A,N/A,N/A,N/A,N/A,N/A,N/A,N/A,N/A,N/A,N/A,Qulture.Rocks,Manual,,,,N/A,Dashboard,Sean Ellis Score - Whatsapp and Manager's Copilot,0,0,0,0,192,192,0.10,,,,,
PSE,Expectations Setting,"Undefined personal expectations and measurable goals affects all Nubankers in the execution of their activities, leading to Nubankwide wasted resources.","""Expectations Setting"" is an goal setting tool that enables the registration and continuous update of goals/deliverables and intended development actions by providing OKR style registration, kanban board for activities, comments and attachments.",NO,Milena Ponte,3. Mature,All Nubankers,All Nubankers,(3) Perform my role,(4) Develop myself and grow,Qulture.Rocks,Sean Ellis score,40%,-,18.40%,- ,,,,,,,,,,Post-phase survey,Manual,,,,On demand,"Polly, Google Forms",% Nubankers with registered expectations (tenure > 3mo),N/A,N/A,N/A,N/A,N/A,N/A,N/A,N/A,N/A,N/A,N/A,N/A,N/A,Qulture.Rocks,Automated,,,,Daily,Continuous Performance Dashboard,Update Rate,,,,,320,320,0.17,FALSE,Adjusted,Adjusted,Already Reviewed,Already Reviewed
PSE,Development Plans,"Poorly defined plans to recover performance affects mostly active Nubankers presenting low performance in the period following a performance assessment, leading to reduced chance of performance recovery, which can lead to unnecessary terminations and added cost for terminations and re-hiring.","""Development Plans"" is a performance improvement tool that enables the registration and continuous update of plans targeting performance improvement by OKR style registration, kanban board for activities, comments and attachments.",NO,Milena Ponte,1. Development,All Nubankers,All Nubankers,(4) Develop myself and grow,N/A,Qulture.Rocks,N/A,N/A,N/A,N/A,N/A,N/A,N/A,N/A,N/A,N/A,N/A,N/A,N/A,N/A,N/A,N/A,,,,N/A,N/A,% Nubankers with registered deve plans (previous rating = 1-2),N/A,N/A,N/A,N/A,N/A,N/A,N/A,N/A,N/A,N/A,N/A,N/A,N/A,Qulture.Rocks,Automated,,,,Daily,[wip] Low Perf Mgmt Dashboard,[wip] Update Rate,,,,,400,400,0.21,FALSE,Adjusted,Adjusted,Already Reviewed,Already Reviewed
PSE,Performance Checkpoints,"Lack of continuous and objective feedback from managers affects Nubankers in the execution of their daily activities, leading to performance delivery below Nubanker's potential and to the risk of performance ratings being a surprise during the YE","""Performance Checkpoints"" is a [""Solution Category""] that enables [Key Use Case] by [Key Features]

To foster continuous feedback from managers to Nubankers, this solution support managers to run partial performance assessments and share feedback with teams",NO,Milena Ponte,2. Growth,All Nubankers,All Nubankers,(3) Perform my role,(4) Develop myself and grow,Qulture.Rocks,Sean Ellis score,40%,-,-,-,,,,,,,,,,Post-phase survey,Manual,,,,On demand,"Polly, Google Forms",% Nubanker evaluated in Checkpoints,N/A,N/A,N/A,N/A,N/A,N/A,N/A,N/A,N/A,N/A,N/A,N/A,N/A,Qulture.Rocks,Automated,,,,Daily,Continuous Performance Dashboard,# feedback delivered to Nubankers,,,,120,960,1080,0.57,FALSE,Adjusted,Adjusted,Already Reviewed,Already Reviewed
PSE,Performance Assessments,"Lack of ways to measure Nubankers individual performance affects Nubank's operations in its pursue of highly audacious term goals, leading to reduced longterm impact.","A module that allows performance evaluations to be executed contemplating 360 capabilities, but currently only aplied for Self and Lead to direct report",NO,Milena Ponte,3. Mature,All Nubankers,All Nubankers,(3) Perform my role,(4) Develop myself and grow,Qulture.Rocks,Sean Ellis score,40%,,,,,,,,,,,,,Post-phase survey,Manual,,,,On demand,"Polly, Google Forms",% Nubanker evaluated during the YE phase,N/A,N/A,N/A,N/A,N/A,N/A,N/A,N/A,N/A,N/A,N/A,N/A,N/A,Qulture.Rocks,Automated,,,,Daily,YE Dashboard,# feedback delivered to Nubankers,,,,600,1600,2200,1.16,FALSE,Adjusted,Room for improvement,Already Reviewed,Already Reviewed
PSE,Calibration Module for HRBPs,"The inability to effortlessly track and register the outcome of calibration discussions affects direclty HRBPs (and indirectly Nubankers) in the Perf Cycle's YE phase, leading to wasted effort, duplicate controls and data inacuracies.","A module that allows visibility of pre and post calibrated ratings, displaying the curve distribution of data, as well data segmentation. This module is adapted to support the MY Promo Cycle as well.",NO,Milena Ponte,4. Decline,P&C: HRBP,"People Manager - All, P&C: HRBP",(3) Perform my role,N/A,Qulture.Rocks,Quali feedback,N/A,N/A,N/A,N/A,N/A,N/A,N/A,N/A,N/A,N/A,N/A,N/A,N/A,On demand survey,Manual,,,,On demand,"Polly, Google Forms",N/A,N/A,N/A,N/A,N/A,N/A,N/A,N/A,N/A,N/A,N/A,N/A,N/A,N/A,N/A,N/A,,,,N/A,N/A,N/A,,,,,80,80,0.04,FALSE,Adjusted,Room for improvement,Already Reviewed,Already Reviewed
PSE,Performance Calibrations (service),"Lack of adequate forum for leaders to discuss their ability to assess individual performance affects Managers in their development, leading to overall reduced efficiency in Nubank's managers.",Companywide coordination of sync HRBP-supported meetings to assess managers capacity to evaluate their teams performance with a high performance bar,NO,Milena Ponte,3. Mature,People Manager - All,"People Manager - All, P&C: HRBP",(3) Perform my role,(4) Develop myself and grow,"Zoom, Meets, Google Slides",Quali feedback,N/A,N/A,N/A,N/A,N/A,N/A,N/A,N/A,N/A,N/A,N/A,N/A,N/A,Post-phase survey,Manual,,,,On demand,"Polly, Google Forms",% Ratings Adjusted,N/A,N/A,N/A,N/A,N/A,N/A,N/A,N/A,N/A,N/A,N/A,N/A,N/A,Qulture.Rocks,Automated,,,,Daily,YE Dashboard,% population allocation to post-calibrated state,,120,,4800,960,5880,3.09,FALSE,Adjusted,Room for improvement,Already Reviewed,Already Reviewed
PSE,Feedback Exchange,"Being unable to exchange and keep records of peer feedback affects Nubankers in their longterm professional development, leading to Nubank's reduced impact.",A module that allows feedback exchange (proactive or reactive),NO,Felipe Palomaro,2. Growth,All Nubankers,All Nubankers,(3) Perform my role,(4) Develop myself and grow,Qulture.Rocks,N/A,N/A,N/A,N/A,N/A,N/A,N/A,N/A,N/A,N/A,N/A,N/A,N/A,N/A,N/A,N/A,,,,N/A,N/A,Qty of received feedback per Nubanker,N/A,N/A,N/A,N/A,N/A,N/A,N/A,N/A,N/A,N/A,N/A,N/A,N/A,Qulture.Rocks,Automated,,,,Daily,[wip] Continuous Performance Dashboard,"Sent feedback, Requested feedback",,,,,240,240,0.13,FALSE,Adjusted,Room for improvement,Already Reviewed,Already Reviewed
PSE,Praise Module,"Lack of continuous public recognition affects Nubankers in the context of their daily activities, leading to potentially reduced team morale in the longterm thus reducing Nubank's ability to generate impact.",A module that allows for public recognition of good work done by individuals,NO,Felipe Palomaro,2. Growth,All Nubankers,All Nubankers,(3) Perform my role,N/A,Qulture.Rocks,N/A,N/A,N/A,N/A,N/A,N/A,N/A,N/A,N/A,N/A,N/A,N/A,N/A,N/A,N/A,N/A,,,,N/A,N/A,Qty of shared praised per Nubanker,N/A,N/A,N/A,N/A,N/A,N/A,N/A,N/A,N/A,N/A,N/A,N/A,N/A,Qulture.Rocks,N/A,,,,N/A,N/A,Qty praise received,,,,,120,120,0.06,FALSE,Adjusted,Room for improvement,Already Reviewed,Already Reviewed
PSE,Automated Baseball Cards for Calibrations,"Unstandardized and manual preparation of baseball cards affects managers in preparing for performance-related discussions (ex: calibrations), leading to wasted time and suboptimal discussions.","An automated tool to extract, expose and update data from Lead Assessments, leveraging pre-calibration preparations as well as support during sessions",NO,Milena Ponte,2. Growth,People Manager - All,"People Manager - All, P&C: HRBP",(3) Perform my role,N/A,Google Slides,Sean Ellis score,40%,,,,,,,,,,,,,Stand-alone survey,Manual,,,,On demand,"Polly, Google Forms",Saved Time from Managers,N/A,N/A,N/A,N/A,N/A,N/A,N/A,N/A,N/A,N/A,N/A,N/A,N/A,N/A,N/A,,,,N/A,N/A,N/A,,800,,,1280,2080,1.09,TRUE,Adjusted,Room for improvement,Already Reviewed,Already Reviewed
PSE,YE Dashboard,"Unavailability of complete and consolidated information regarding YE Calibrations affects Calibration Session participants and, indirectly, all Nubankers in the context of their performance evaluations, leading to misaligment, wasted effort and suboptimal discussions.","A dashboard for HRBPs, Calibration Facilitators, Cross Calibrators and Managers to visualize all relevant data regarding Performance and Promotions",NO,Letícia Primon,3. Mature,P&C: HRBP,"People Manager - M3/M4, People Manager - M5+, P&C: HRBP",(3) Perform my role,N/A,Looker,N/A,N/A,N/A,N/A,N/A,N/A,N/A,N/A,N/A,N/A,N/A,N/A,N/A,N/A,N/A,N/A,,,,N/A,N/A,N/A,N/A,N/A,N/A,N/A,N/A,N/A,N/A,N/A,N/A,N/A,N/A,N/A,N/A,N/A,N/A,,,,N/A,N/A,N/A,,40,,,120,160,0.08,FALSE,Adjusted,Room for improvement,Already Reviewed,Already Reviewed
PSE,Continuous Performance Dashboard,"Lack of acessibility to organized performance related data affects managers and all nubankers in their work execution and career development, leading to wasted time/effort and suboptimal performance management.","A dashboard for HRBPs and Managers exposing data regarding Expectations, Development Plans, Feedback and Praise",NO,Letícia Primon,1. Development,People Manager - All,"P&C: HRBP, P&C: Talent, P&C: LCB",(3) Perform my role,(4) Develop myself and grow,Visier/Looker,N/A,N/A,N/A,N/A,N/A,N/A,N/A,N/A,N/A,N/A,N/A,N/A,N/A,N/A,N/A,N/A,,,,N/A,N/A,N/A,N/A,N/A,N/A,N/A,N/A,N/A,N/A,N/A,N/A,N/A,N/A,N/A,N/A,N/A,N/A,,,,N/A,N/A,N/A,,,,,640,640,0.34,FALSE,Adjusted,Room for improvement,Already Reviewed,Already Reviewed
PSE,Performance Playbook (at Confluence),"Lack of consolidated knowledge base affects Nubankers in the context of using performance products, leading to suboptimal UX and confusing execution.","Consolidated information in 3 languages about the complete Performance Cycle, with instructions, supporting and reference material",NO,Bianca Weinberg,2. Growth,All Nubankers,All Nubankers,(3) Perform my role,(4) Develop myself and grow,Confluence,N/A,N/A,N/A,N/A,N/A,N/A,N/A,N/A,N/A,N/A,N/A,N/A,N/A,N/A,N/A,N/A,,,,N/A,N/A,Access volume,N/A,N/A,N/A,N/A,N/A,N/A,N/A,N/A,N/A,N/A,N/A,N/A,N/A,Confluence,Manual,,,,Monthly,Confluence Analytics,N/A,,,,,120,120,0.06,FALSE,Adjusted,Room for improvement,Already Reviewed,Already Reviewed
PSE,Performance Info Sessions,"Lack of performance management training affects Managers and nubankers in their career development, leading to Nubank's longterm reduced impact.",Training Sessions to improver users' ability to use other Performance Products,NO,Milena Ponte,2. Growth,All Nubankers,All Nubankers,(3) Perform my role,(4) Develop myself and grow,Zoom,Sean Ellis score,40%,-,42.60%,,,,,,,,,,,Zoom,Manual,,,,On demand,"Polly, Google Forms",% of invited population joining,N/A,N/A,N/A,N/A,N/A,N/A,N/A,N/A,N/A,N/A,N/A,N/A,N/A,Zoom,Manual,,,,Per Session Delivered,Sheets / [wip] Dashboard,"CSAT, SES, NPS",,,,,640,640,0.34,FALSE,Adjusted,Room for improvement,Already Reviewed,Already Reviewed
PSE,Life Insurance and Funeral Assistance,Provide financial security for employees and their families through offering life insurance and funeral benefits programs across all countries,The Life Insurance and Funeral Aid are an employee benefits solution that enables financial security for employees and their families by offering comprehensive life insurance and funeral benefits programs across all countries.,YES,Mariana Cavinatti,3. Mature,All Nubankers,All Nubankers,(3) Perform my role,N/A,Oracle,% of claims paid on time,98%,N/A,N/A,N/A,N/A,N/A,N/A,N/A,N/A,N/A,N/A,N/A,N/A,Broker operational report,Manual,High Effort,,,Quarterly,Internal Sheet,CSAT,4+,N/A,N/A,N/A,N/A,N/A,N/A,N/A,N/A,N/A,N/A,N/A,N/A,Not currently extract,Manual,,,,N/A,N/A,N/A,,,,,456,456,0.24,FALSE,Adjusted,Adjusted,Already Reviewed,Already Reviewed
PSE,Health Plan,"Addresses the need for efficient management and administration of employee health benefits, ensuring compliance with regulations, providing employees with easy access to plan information.",The Health Plan is an employee benefits solution that enables security for employees and their families by offering comprehensive health coverage programs across all countries.,YES,Mariana Cavinatti,3. Mature,All Nubankers,N/A,(3) Perform my role,N/A,N/A,N/A,N/A,N/A,N/A,N/A,N/A,N/A,N/A,N/A,N/A,N/A,N/A,N/A,N/A,N/A,N/A,,,,N/A,N/A,N/A,N/A,N/A,N/A,N/A,N/A,N/A,N/A,N/A,N/A,N/A,N/A,N/A,N/A,N/A,N/A,,,,N/A,N/A,N/A,,,,,2850,2850,1.50,TRUE,Adjusted,Adjusted,Already Reviewed,Already Reviewed
PSE,Dental Plan,"Addresses the need for efficient management and administration of employee dental benefits, ensuring compliance with regulations, providing employees with easy access to plan information.",The Dental Plan is an employee benefits solution that enables dental care for employees and their families by offering comprehensive  coverage programs across all countries.,NO,Mariana Cavinatti,3. Mature,All Nubankers,All Nubankers,(3) Perform my role,N/A,Oracle,NPS,50+,N/A,N/A,N/A,N/A,N/A,N/A,N/A,N/A,N/A,N/A,N/A,N/A,Survey,Manual,,,,Semiannualy,N/A,Loss Ratio,80%,N/A,N/A,N/A,N/A,N/A,N/A,N/A,N/A,N/A,N/A,N/A,N/A,Vendor reports/invoice,Manual,,,,Quarterly,Internal sheets,N/A,,,,,456,456,0.24,TRUE,Adjusted,Adjusted,Already Reviewed,Already Reviewed
PSE,NuCare,"Addresses part of wellbeing by offering confidential support services for personal issues, like health, financial and legal cases ensuring easy access to counseling and resources.","NuCare is a wellbeing solution that enables personal issue management by offering confidential support services for health, financial, and legal cases through easy access to counseling and resources.",NO,Mariana Cavinatti,3. Mature,All Nubankers,N/A,(3) Perform my role,N/A,N/A,N/A,N/A,N/A,N/A,N/A,N/A,N/A,N/A,N/A,N/A,N/A,N/A,N/A,N/A,N/A,N/A,,,,N/A,N/A,N/A,N/A,N/A,N/A,N/A,N/A,N/A,N/A,N/A,N/A,N/A,N/A,N/A,N/A,N/A,N/A,,,,N/A,N/A,N/A,,,,,285,285,0.15,FALSE,Adjusted,Adjusted,Already Reviewed,Already Reviewed
PSE,NuLanguage,"Provides tailored language education, enhancing proficiency, promoting cultural understanding, and supporting career advancement through accessible and flexible learning resources.", NuLanguage is an educational solution platform that enables enhanced language proficiency by providing tailored language education  through accessible and flexible learning resources.,NO,Artur Augelli,3. Mature,All Nubankers,All Nubankers,(3) Perform my role,(4) Develop myself and grow,Voxy System,NPS,N/A,N/A,N/A,N/A,N/A,N/A,N/A,N/A,N/A,N/A,N/A,N/A,N/A,Vendor Survey,Manual,,,,Semiannualy,Internal Sheet,% of Nubankers participating on the program,10%+ (globally),19.80%,19.81%,13.62%,11.90%,N/A,N/A,N/A,N/A,N/A,N/A,N/A,N/A,Vendor reports/invoice,Manual,,,,Monthly,Benefits Dashboard,"Turn-over, Level, Increase in proficiency",,,,,570,570,0.30,FALSE,Adjusted,Adjusted,Already Reviewed,Already Reviewed
PSE,WFH Allowance,"Provides the additional resources to set up effective home office spaces, ensuring equitable support for remote workers.",Work from Home allowance is a subsidy for remote that enables support to work expenses by a monthly allowance payment.,YES,Mariana Cavinatti,3. Mature,All Nubankers,N/A,(3) Perform my role,N/A,N/A,N/A,N/A,N/A,N/A,N/A,N/A,N/A,N/A,N/A,N/A,N/A,N/A,N/A,N/A,N/A,N/A,,,,N/A,N/A,N/A,N/A,N/A,N/A,N/A,N/A,N/A,N/A,N/A,N/A,N/A,N/A,N/A,N/A,N/A,N/A,,,,N/A,N/A,N/A,,,,,4,4,0.00,FALSE,Adjusted,Adjusted,Already Reviewed,Already Reviewed
PSE,Parental Assistance,Provides support for the challenges faced by working parents by providing resources and support for different moments of life.,"The parental assistance program, is a consultancy that enables childcare guidance by offering mentoring sessions and concierge service for parental support.",NO,Mariana Cavinatti,3. Mature,All Nubankers,N/A,(3) Perform my role,N/A,N/A,N/A,N/A,N/A,N/A,N/A,N/A,N/A,N/A,N/A,N/A,N/A,N/A,N/A,N/A,N/A,N/A,,,,N/A,N/A,N/A,N/A,N/A,N/A,N/A,N/A,N/A,N/A,N/A,N/A,N/A,N/A,N/A,N/A,N/A,N/A,,,,N/A,N/A,N/A,,,,,285,285,0.15,FALSE,Adjusted,Adjusted,Already Reviewed,Already Reviewed
PSE,Food Voucher,"Comply to the law, maket competitiveness and solve for the financial burden and health challenges associated with employees' meal expenses.",The Food and/or meal vouchers is a usually provided trought a card that allows access to the amount paid by the company for food subside to employees,YES,Mariana Cavinatti,3. Mature,All Nubankers,N/A,(3) Perform my role,N/A,N/A,N/A,N/A,N/A,N/A,N/A,N/A,N/A,N/A,N/A,N/A,N/A,N/A,N/A,N/A,N/A,N/A,,,,N/A,N/A,N/A,N/A,N/A,N/A,N/A,N/A,N/A,N/A,N/A,N/A,N/A,N/A,N/A,N/A,N/A,N/A,,,,N/A,N/A,N/A,,,,,570,570,0.30,FALSE,Adjusted,Adjusted,Already Reviewed,Already Reviewed
PSE,Support for Families with PWD Children,Offers additional financial support to families with children who have disabilities. It aims to ease the financial burden associated with care and medical needs not covered by regular health plans.,The parental support for children with disabilities is a suuport program that helps employees to pay for extra expenses by receiving a monthly allowance.,YES,Mariana Cavinatti,3. Mature,All Nubankers,N/A,(3) Perform my role,N/A,N/A,N/A,N/A,N/A,N/A,N/A,N/A,N/A,N/A,N/A,N/A,N/A,N/A,N/A,N/A,N/A,N/A,,,,N/A,N/A,N/A,N/A,N/A,N/A,N/A,N/A,N/A,N/A,N/A,N/A,N/A,N/A,N/A,N/A,N/A,N/A,,,,N/A,N/A,N/A,,,,,96,96,0.05,FALSE,Adjusted,Adjusted,Already Reviewed,Already Reviewed
PSE,Childcare Allowance," By reimbursing a portion of childcare costs, this program helps ensure that parents can access quality care services for their children while they work.",The child care program is a support program that helps employees to pay for school expenses for kids up to 71 months by receiving a monthly reimbursement (upon request).,YES,Mariana Cavinatti,3. Mature,All Nubankers,N/A,(3) Perform my role,N/A,N/A,N/A,N/A,N/A,N/A,N/A,N/A,N/A,N/A,N/A,N/A,N/A,N/A,N/A,N/A,N/A,N/A,,,,N/A,N/A,N/A,N/A,N/A,N/A,N/A,N/A,N/A,N/A,N/A,N/A,N/A,N/A,N/A,N/A,N/A,N/A,,,,N/A,N/A,N/A,,,,,285,285,0.15,FALSE,Adjusted,Adjusted,Already Reviewed,Already Reviewed
PSE,Annual Flu Vaccination,"Seasonal flu affects a big number of persons every year, nubanker included, leading to increment in absenteeism rates, presenteeism and low performance until complete recovery, besides possible complications and bigger costs with health insurance","The annual flu vaccination provided at no cost to employees is a preventive measure that enables the reduction of the number of flu cases, especially severe cases, by enhancing the body protection against the most circulating viruses of the season",NO,Vanessa Friede,3. Mature,All Nubankers,N/A,(3) Perform my role,N/A,N/A,Number of nubankers vaccinated,N/A,N/A,N/A,N/A,N/A,N/A,N/A,N/A,N/A,N/A,N/A,N/A,N/A,Google sheets,Manual,Low Effort,Low tracking frequency,Request info of vaccinated employees to vendors and input them into Google Sheets,Semiannualy,Health dashboard,Absenteeism rate caused by respiratory diseases,N/A,N/A,N/A,N/A,N/A,N/A,N/A,N/A,N/A,N/A,N/A,N/A,N/A,"For MX and CO, sheets. For BR, Oracle",Manual,Medium Effort,Need of People Data to prioritize extraction,"for MX and CO we still don't have an easy way to get the reasons of absence from Oracle, so we have to input info manually in a Google Sheets",Monthly,Health Dashboard,N/A,,,,,150,150,0.08,FALSE,Adjusted,Adjusted,Already Reviewed,Already Reviewed
PSE,Nu Health Way,"Chronic diseases affects about ⅓ of adults in the world (according to WHO), and when these diseases are not properly treated they can lead to absenteeism, high cost of treatment and development of sequels, all of them reducing productivity and work life","The NuHealthWay is a complementary support for employees with chronic conditions that provides occupational health follow-up alongside external treatment by close contact with the employee, questions about adopted treatment and lifestyle and focused health guidance.",NO,Vanessa Friede,2. Growth,All Nubankers,All Nubankers,(3) Perform my role,N/A,N/A,Number of subscribed and eliglible employees,N/A,N/A,N/A,N/A,N/A,N/A,N/A,N/A,N/A,N/A,N/A,N/A,N/A,Google sheets,Automated,,,,Monthly,Health dashboard,Medical leaves absenteeism,N/A,N/A,N/A,N/A,N/A,N/A,N/A,N/A,N/A,N/A,N/A,N/A,N/A,Oracle,Automated,,,,Monthly,Health Dashboard,N/A,,,,,100,100,0.05,FALSE,Adjusted,Adjusted,Already Reviewed,Already Reviewed
PSE,Workplace Health Adaptations,"Poorly adjusted work conditions or organization might affect people with permanent or temporary disabilities, leading to worsening of their conditions or low performance","The Workplace Health Adaptations is the process that enables identifying the specific adjustments needed by employees with permanent or temporary disabilities and addressing them by prescribing the adaptations and sharing them with the needed stakeholders (leaders, REWS, IT, etc.)",NO,Vanessa Friede,2. Growth,All Nubankers,N/A,(3) Perform my role,(5) Interrupt and get back to work,N/A,Number of nubankers with prescribed adaptations,N/A,N/A,N/A,N/A,N/A,N/A,N/A,N/A,N/A,N/A,N/A,N/A,N/A,Google sheets,Manual,Low Effort,,Check employees that have prescribed adaptations in MX and CO and put manually into a google sheets,Monthly,N/A,Number of nubankers that received their adaptations,N/A,N/A,N/A,N/A,N/A,N/A,N/A,N/A,N/A,N/A,N/A,N/A,N/A,Google sheets,Manual,Medium Effort,,"We gather information from IT and REWS, sum with safety data and update a google sheets",Monthly,N/A,N/A,,,,240,700,940,0.49,FALSE,Adjusted,Adjusted,Already Reviewed,Already Reviewed
PSE,Health Weeks,"Limited awareness of preventive health and healthy habits affects Nubankers, leading to poor decision-making regarding habits, inefficient use of benefit resources, and suboptimal health outcomes.",The health weeks are events that enable us to focus on promoting health awareness by delivering reliable information in an engaging and dynamic manner.,YES,Vanessa Friede,3. Mature,All Nubankers,N/A,(3) Perform my role,N/A,N/A,Number of participantes,N/A,N/A,N/A,N/A,N/A,N/A,N/A,N/A,N/A,N/A,N/A,N/A,N/A,Google Forms,Manual,Medium Effort,Low tracking frequency,"Create a Google Forms, make the QR code available, extract data from Google Forms, stratify and analyse",On demand,N/A,Number of legal requirements covered,N/A,N/A,N/A,N/A,N/A,N/A,N/A,N/A,N/A,N/A,N/A,N/A,N/A,H&S week agenda,Manual,Low Effort,Low tracking frequency,Check legal requirements for each country and cross with H&S week agenda,Per Session Delivered,Health Dashboard,N/A,,,,,50,50,0.03,FALSE,Adjusted,Adjusted,Already Reviewed,Already Reviewed
PSE,PWD Process,"The lack of a supportive work environment affects Nubankers in their professional setting, leading to diminished opportunities for all employees to thrive.","The ""100-Day Playbook"" is a strategic guide that enables effective workplace adaptation for Nubankers with disabilities by providing structured follow-up and support during their first 100 days",NO,Vanessa Friede,1. Development,All Nubankers,N/A,(3) Perform my role,N/A,N/A,Number of nubankers that went through the playbook process,N/A,N/A,N/A,N/A,N/A,N/A,N/A,N/A,N/A,N/A,N/A,N/A,N/A,Google sheets,Manual,Medium Effort,The way the data is collected today doesn't support automated extraction,"Manual inclusion of PwD in the control Sheets, manual inclusion of start and FUP dates, manual inclusion of finish date and status",On demand,N/A,PwD legal quota,5% of nubankers of the LE - BR,N/A,N/A,N/A,N/A,N/A,N/A,N/A,N/A,N/A,N/A,N/A,N/A,Oracle,Automated,,,,Monthly,Health Dashboard,N/A,,,,240,1000,1240,0.65,FALSE,Adjusted,Adjusted,Already Reviewed,Already Reviewed
PSE,Compensation Structures,"Ensures a proper framework in place to manage rewards, market-competitive, for talent attraction and retention while boosting for pay for performance and preventing pay disparities.","Salary ranges and variable targets by level, geography and function, for a structured, market competitive, and transparent approach to setting the right anchors for compensation management.",YES,Cristina Jimenez,3. Mature,People Manager - All,All Nubankers,(3) Perform my role,(1) Discover and apply for a position,N/A,Salary range adherence %,N/A,N/A,N/A,N/A,N/A,N/A,N/A,N/A,N/A,N/A,N/A,N/A,N/A,Oracle,Manual,Low Effort,Low tracking frequency,A report is extracted monthly by the People Tech team and shared with Comp team. Comp team works in a Google sheets to see and work with the data.,Semiannualy,Oracle,Offer acceptance rate,85%,N/A,N/A,N/A,N/A,N/A,N/A,N/A,N/A,N/A,N/A,N/A,N/A,Greenhouse,Automated,,,,Monthly,Internal metrics deck,"Offer exceptions
Voluntary attrition rate
Retention cases",,,,,864,1280,0.67,TRUE,Adjusted,Adjusted,Already Reviewed,Already Reviewed
PSE,Variable Compensation,"Need to offer competitive compensation packages that incentivize performance, the right behaviors and long-term commitment, while keeping its costs sustainable funded by the level of performance delivered.","2 key products: (a) short-term incentives program in markets where applicable, with their own regulation; (b) a dynamic performance-based Long-Term Incentive program, with clear rules, and approved by the Board.",NO,Leonardo Garcia,3. Mature,All Nubankers,N/A,(3) Perform my role,(1) Discover and apply for a position,"Oracle (comp letters)
Etrade (trading management)",N/A,N/A,N/A,N/A,N/A,N/A,N/A,N/A,N/A,N/A,N/A,N/A,N/A,N/A,N/A,N/A,,,,N/A,N/A,N/A,N/A,N/A,N/A,N/A,N/A,N/A,N/A,N/A,N/A,N/A,N/A,N/A,N/A,N/A,N/A,,,,N/A,N/A,N/A,,40,,,96,136,0.07,TRUE,Adjusted,Adjusted,Already Reviewed,Already Reviewed
PSE,Pay Equity Governance,"Nubank must ensure gender pay equity to comply with legislation and maintain fair compensation practices. Without a structured governance process, pay discrepancies can persist unnoticed, exposing the company to regulatory, financial, and reputational risk.","The Pay Equity Governance process ensures compliance with gender pay equity regulations and maintains fair pay practices. It consists of (1) bi-annual reporting of gender pay equity in Brazil, published publicly alongside government-issued reports, and (2) proactive governance during year-end compensation cycles, where pay adjustments are made when discrepancies are identified.",YES,Bryce Robinson,3. Mature,All Nubankers,N/A,(3) Perform my role,N/A,Nu website,% of required reports that are accurate and fully compliant by the regulatory deadline,100%,N/A,N/A,N/A,N/A,N/A,N/A,N/A,N/A,N/A,N/A,N/A,N/A,Government report via eSocial,Manual,,,,Semiannualy,N/A,Median women’s wage as a % of men’s wage (normalized for Chapter/Level/Tenure),100%,-,-,100%,N/A,N/A,N/A,N/A,N/A,N/A,N/A,N/A,N/A,PA tailored analysis,Manual,,,,Per Session Delivered,N/A,N/A,,80,,,80,160,0.08,FALSE,Adjusted,Adjusted,Already Reviewed,Already Reviewed
PSE,Compensation Cycles,Ensures timely and consistent compensation adjustments (merit/promotion) for recognition by performance and retention of talents.,2 compensation cycle: Year-End for Promotions and Merit; Mid-Year for Promotions.,NO,Leonardo Garcia,3. Mature,People Manager - All,N/A,(3) Perform my role,(4) Develop myself and grow,Oracle,"AskPeople tickets from managers requiring assistance for the cycle
",N/A,N/A,N/A,N/A,N/A,N/A,N/A,N/A,N/A,N/A,N/A,N/A,N/A,Ask People,Automated,,,,Per Session Delivered,Ask People Dashboard,Trend of voluntary leavers due to comp reason (base on exit interview) + Pay for Performance Index,100%,-,-,99%,N/A,N/A,N/A,N/A,N/A,N/A,N/A,N/A,N/A,Visier,Automated,,,,Per Session Delivered,Dashboard,N/A,,120,,324,960,1404,0.74,TRUE,Adjusted,Adjusted,Already Reviewed,Already Reviewed
PSE,Compensation Education,Have Nubankers knowledgeable about Nu compensation policies and our philosophy of pay for performance. Seek for more transparence to individuals potential earnings to enhance engagement and value for work appreciation.,"Educational and Awareness products to enhance Nubankers knowledge about compensation policies and practices. Includes training sessions on Nucleo, comprehensive letters with future total comp projections during comp cycles, and a self-service compensation tool ""MyComp"" (to be launched) to enhance employee awareness of their earnings and compensation transparency.",NO,Cristina Jimenez,3. Mature,All Nubankers,N/A,(3) Perform my role,N/A,"Nucleo / Visier: MyComp
On demand presentations",Track engagement rate on MyComp tool,N/A,N/A,N/A,N/A,N/A,N/A,N/A,N/A,N/A,N/A,N/A,N/A,N/A,Visier,Automated,,,,Monthly,Internal metrics deck,Track Pay for performance results on the engagement survey,N/A,N/A,N/A,N/A,N/A,N/A,N/A,N/A,N/A,N/A,N/A,N/A,N/A,Engagement survey,Manual,Low Effort,Low tracking frequency,Access the survey and collect the relevant data to populate the Internal metrics deck.,Per Session Delivered,Internal metrics deck,"# of retentions (off cycle cases), specially reactive",,,,,192,192,0.10,FALSE,Adjusted,Adjusted,Already Reviewed,Already Reviewed
PSE,Job Evaluation,Ensures accurate job level classifications for senior roles (M5+).,A systematic process to determine the relative worth of jobs within the organization thru a market methodology (Aon) for M5+ roles.,NO,Bryce Robinson,1. Development,All Nubankers,N/A,(3) Perform my role,(1) Discover and apply for a position,N/A,N/A,N/A,N/A,N/A,N/A,N/A,N/A,N/A,N/A,N/A,N/A,N/A,N/A,N/A,N/A,N/A,,,,N/A,N/A,N/A,N/A,N/A,N/A,N/A,N/A,N/A,N/A,N/A,N/A,N/A,N/A,N/A,N/A,N/A,N/A,,,,N/A,N/A,N/A,,,,120,160,280,0.15,TRUE,Adjusted,Adjusted,Already Reviewed,Already Reviewed
PSE,Offcycle Comp actions,"Our competitors might poach Nu's key talents (certain geo, function or level), off Comp cycles windows, due to a high offer/low supply talent market ratio, increasing the risk of losing Nu's talents or scarce skills thus losing business capabilities to execute our business strategy.","To mitigate an imminent non-desirable loss of key talents, we should assess their Total Comp package and, if needed, make it more attractive with a longer-term mechanism, which will create more friction for competitors to acquire them. As a solution we may decide to implement ad hoc Comp adjustments (usually a retention new grant and/or cash bonus) for regrettable losses. It can be reactively (when a competitor's offer is already placed) or proactively (by measuring the size/impact of the threat).",NO,Cristina Jimenez,3. Mature,People Manager - All,All Nubankers,(1) Discover and apply for a position,(6) Resign or get terminated,Jira,N/A,N/A,N/A,N/A,N/A,N/A,N/A,N/A,N/A,N/A,N/A,N/A,N/A,N/A,N/A,N/A,,,,N/A,N/A,1-year retention ratio,90%,91%,-,-,-,-,-,TBC,-,-,-,-,-,Jira,Manual,,,,Quarterly,Sheets,,,,,40,60,100,0.05,FALSE,Adjusted,Adjusted,,
PSE,NWW In-Office Schedule,"The lack of coordination would make it impossible for complete BUs to be present at a Nubank office, impacting their ability to collaborate and innovate.","A coordinated schedule of in-office work weeks that indicate when each BU, along with its Nubankers, needs to be present at a specific Nubank office",NO,Felipe Palomaro,2. Growth,All Nubankers,,(3) Perform my role,(1) Discover and apply for a position,"Google Slides
Qualtrics
Slack",NPS,85%,73%,69%,61%,N/A,N/A,N/A,N/A,N/A,N/A,N/A,N/A,N/A,Qualtrics,Automated,,,,Monthly,Qualtrics,Policy Adoption,80%,N/A,N/A,N/A,N/A,N/A,N/A,N/A,N/A,N/A,N/A,N/A,N/A,LookerStudio,Automated,,,,Monthly,LookerStudio,"Voluntary Attendance
Engagement Pulse
Team Connection
Office Technology & Facilities",,76,,,2928,3004,1.58,FALSE,Adjusted,Adjusted,Already Reviewed,Already Reviewed
PSE,Kadence,"Addresses the need for efficient office space management, including desk booking and meeting room reservations.",A workspace management platform to optimize office space utilization and employee experience.,NO,Julia Borges,1. Development,All Nubankers,N/A,(3) Perform my role,N/A,Comeen / Kadence,Favorability Score,N/A,N/A,N/A,N/A,N/A,N/A,N/A,N/A,N/A,N/A,N/A,N/A,N/A,Kadence platform,Automated,,,,Monthly,Looker Studio,User Adoption Rate,N/A,N/A,N/A,N/A,N/A,N/A,N/A,N/A,N/A,N/A,N/A,N/A,N/A,Kandece and Turnstile,Automated,,,,Monthly,LookerStudio,N/A,,,,,633,633,0.33,FALSE,Adjusted,Adjusted,Already Reviewed,Already Reviewed
PSE,Voll,"Streamlines corporate travel and mobility management by centralizing bookings, automating expense tracking, and ensuring policy compliance in one integrated platform.",An integrated travel platform and agency for booking flights and accommodations.,NO,Julia Borges,3. Mature,All Nubankers,N/A,(3) Perform my role,N/A,Voll,CSAT,N/A,N/A,N/A,N/A,N/A,N/A,N/A,N/A,N/A,N/A,N/A,N/A,N/A,Voll platform,Automated,,,,Monthly,N/A,Adherence to the Nubank's Travel policy,N/A,N/A,N/A,N/A,N/A,N/A,N/A,N/A,N/A,N/A,N/A,N/A,N/A,API Voll / Looker,Manual,High Effort,Doesn't require People Data to extract data from a system but the lack of technical skills doesn't allow the automation,"i) Update your code to process and store the new fields.
ii) Adjust your database (if applicable) to include the new columns for these fields.",Monthly,Sheets ,N/A,0,0,0,0,2850,2850,1.50,TRUE,Adjusted,Adjusted,Already Reviewed,Already Reviewed
Talent Acquistion,Brokering [Career Mobility],"Currently, the Talent Acquisition process for the Brokering initiative lacks detailed and historical data on recruitment and internal mobility. This results in a lack of visibility into key performance and reallocation metrics. Without systematized data, decisions are often based on perception rather than facts, which hinders our ability to assess and improve the effectiveness and efficiency of our talent management process."," A fast mechanism for reallocating Nubankers internally into new positions. Features centralized vacancy management, real-time Talent Acquisition alerts, AI-driven role matching, and an analytics dashboard for tracking transitions and trends.",NO,Shirley Aquino,3. Mature,P&C: PLT,All Nubankers,(3) Perform my role,N/A,"Confluence, Greenhouse","User Experience Metric: Net Promoter Score (NPS)
",N/A,N/A,N/A,N/A,N/A,N/A,N/A,N/A,N/A,N/A,N/A,N/A,N/A,"HRBP, Greenhouse and visier",Automated,,,,Quarterly,NPS Survey on greenhouse,"Business Impact Metric: Reallocation Success Rate
",N/A,N/A,N/A,N/A,N/A,N/A,N/A,N/A,N/A,N/A,N/A,N/A,N/A,Visier and HRBPs,Automated,,,,Per Session Delivered,Visier,business reorg ,,,322,,,322,0.17,FALSE,Adjusted,Adjusted,Already Reviewed,Already Reviewed
Talent Acquistion,Xavier,"It addresses TA’s limited visibility into Oracle positions by providing a single interface to monitor their status. It improves efficiency by enabling the use of additional position statuses, distributing requisitions among recruiters, sourcers, and coordinators, registering comments, and accessing historical hire data. It also reduces manual errors by supplying data to auto-fill offer fields in Greenhouse.","A custom AppSheet app that integrates Oracle data with automation and tracking features, providing a centralized, intelligent interface to the TA team to manage requisitions, assign roles, check hot squads order, log updates, and feed some position attributes into Greenhouse.",NO,Rafael Silva,3. Mature,P&C: Talent,"People Manager - All, P&C: HRBP",(1) Discover and apply for a position,N/A,Xavier/AppSheets,Feedback from TA Users,N/A,N/A,N/A,N/A,N/A,N/A,N/A,N/A,N/A,N/A,N/A,N/A,N/A,Oracle,Automated,,,,Daily,TA Monitoring,Occupancy Rate,N/A,N/A,N/A,N/A,N/A,N/A,N/A,N/A,N/A,N/A,N/A,N/A,N/A,P&C Monthly Report,Automated,,,,Weekly,N/A,N/A,,168,432,,,600,0.32,TRUE,Adjusted,Adjusted,Already Reviewed,Already Reviewed
Talent Acquistion,Greenhouse,"Greenhouse manages and scales recruiting operations by centralizing applicant tracking, interview coordination, and candidate communication. It streamlines workflows for recruiters, hiring managers, and interviewers, ensuring consistency, compliance, data tracking, reporting, and a better candidate experience throughout the recruitment funnel.","Greenhouse is a recruiting platform that streamlines hiring with applicant tracking, interview scheduling, structured hiring plans, scorecards, automated workflows, offer management, DEI tools, CRM, onboarding, and analytics.",NO,Rafael Silva,3. Mature,P&C: Talent,People Manager - All,(1) Discover and apply for a position,N/A,Greenhouse,# active pipelines,N/A,N/A,N/A,N/A,N/A,N/A,N/A,N/A,N/A,N/A,N/A,N/A,N/A,Greenhouse Platform,Automated,,,,Daily,TA Monitoring,New Hires,N/A,N/A,N/A,N/A,N/A,N/A,N/A,N/A,N/A,N/A,N/A,N/A,N/A,Visier,Automated,,,,Daily,N/A,N/A,,,264,,,264,0.14,TRUE,Adjusted,Adjusted,Already Reviewed,Already Reviewed
Talent Acquistion,Hot Squads,"Hot Squads ranks concurrent technical hiring requests by combining senior leadership (M-Team) BU prioritization with squad-level input from all GMs. It helps TA allocate effort to the most critical roles, align hiring with business needs, and set clear expectations with GMs.","A solution that combines prioritization inputs from M-Team members and GMs into a matrix, which is then used to stack-rank all technical hiring requests based on squad-level priorities.",NO,Rafael Silva,3. Mature,MTeam,People Manager - M5+,(1) Discover and apply for a position,N/A,Sheets,# openings prioritized,N/A,N/A,N/A,N/A,N/A,N/A,N/A,N/A,N/A,N/A,N/A,N/A,N/A,Sheets,Automated,,,,Monthly,TA Monitoring,% BUs/Building Blocks prioritized,N/A,N/A,N/A,N/A,N/A,N/A,N/A,N/A,N/A,N/A,N/A,N/A,N/A,TA Monitoring,Automated,,,,Daily,N/A,N/A,,,116,,,116,0.06,FALSE,Adjusted,Adjusted,Already Reviewed,Already Reviewed
Talent Acquistion,License to Recruit,"Lack of a scalable mechanism that could prepare Nubankers to become effective interviewers in hiring processes, especially when assessing for Values",Learning path that allows Nubankers to become official interviewers by calibrating on the understanding of our hiring process and providing structured interview guides to ensure we hire people who are likely to thrive in our culture,NO,Júlia Fantini,2. Growth,All Nubankers,All Nubankers,(1) Discover and apply for a position,(3) Perform my role,LearnUpon,Training Effectiveness Score Target: 90% ≥ 4,N/A,N/A,N/A,N/A,N/A,N/A,N/A,N/A,N/A,N/A,N/A,N/A,N/A,LearnUpon,N/A,,,,Monthly,N/A, % of active (engaged) interviewers who have completed the LTR | Target 100%,N/A,N/A,N/A,N/A,N/A,N/A,N/A,N/A,N/A,N/A,N/A,N/A,N/A,TA Monitoring (QOE - GoodTime+LearnUpon+HTC),Automated,Low Effort,,,Monthly,TA Monitoring,LTR Completion rate,,,96,,,96,0.05,FALSE,Adjusted,Adjusted,Already Reviewed,Already Reviewed
Talent Acquistion,Talent Newsletter,"Lack of a structured system for continuous engagement with external talent — both potential candidates and alumni — leading to low contact frequency, decreased interest over time, and lower conversion in recruitment processes","Revamp the current tool to serve as a talent relationship platform, with regular content delivery (such as newsletters), monitoring of engagement metrics (e.g., open rates and click-through rates), and encouraging applications when relevant opportunities arise.",NO,Alexandre Araujo,3. Mature,New Hires,Ex-Nubankers,(1) Discover and apply for a position,(7) Return to Nubank,Email,CTR (Click-through Rate): the percentage of newsletter recipients who click on at least one link in the newsletter,N/A,N/A,N/A,N/A,N/A,N/A,N/A,N/A,N/A,N/A,N/A,N/A,N/A,Gem Platform,Automated,,,,Monthly,Gem Platform,"Newsletter-to-Pipeline (absolute count): Number of newsletter-engaged people who became active candidates in the recruitment pipeline within the month. This represents the absolute count of engaged candidates who entered the pipeline, not a conversion percentage",N/A,N/A,N/A,N/A,N/A,N/A,N/A,N/A,N/A,N/A,N/A,N/A,N/A,Gem Platform,Automated,,,,Monthly,N/A,N/A,0,0,96,0,0,96,0.05,FALSE,Adjusted,Adjusted,Already Reviewed,Already Reviewed
Talent Acquistion,Gem,Dispersion of several Google Sheets mappings instead of a centralized and up-to-date platform to do so,"Talent sourcing, mapping & outreach platform",NO,Ana Ribeiro,3. Mature,P&C: Talent,N/A,(1) Discover and apply for a position,N/A,Gem,# Mapped Prospects,N/A,N/A,N/A,N/A,N/A,N/A,N/A,N/A,N/A,N/A,N/A,N/A,N/A,LinkedIn,Automated,,,,Weekly,Gem Platform,% Sourcing Conversion Rate,N/A,N/A,N/A,N/A,N/A,N/A,N/A,N/A,N/A,N/A,N/A,N/A,N/A,Gem,Automated,,,,Monthly,N/A,N/A,0,0,55,0,0,55,0.03,TRUE,Room for improvement,Room for improvement,Already Reviewed,Already Reviewed
Talent Acquistion,GoodTime,Lack of a centralized and scalable platform that enables TA to schedule hundreds of interviews per day,Interview scheduling platform,NO,Renata Mojola,3. Mature,P&C: Talent,All Nubankers,(1) Discover and apply for a position,N/A,GoodTime,# interviews scheduled,N/A,N/A,N/A,N/A,N/A,N/A,N/A,N/A,N/A,N/A,N/A,N/A,N/A,GoodTime Platform,Automated,Medium Effort,,,Monthly,TA Monitoring,% Interviews completed as planned,N/A,N/A,N/A,N/A,N/A,N/A,N/A,N/A,N/A,N/A,N/A,N/A,N/A,GoodTime,Automated,Low Effort,,,Weekly,GoodTime,N/A,0,0,100,0,0,100,0.05,TRUE,Room for improvement,Room for improvement,Already Reviewed,Already Reviewed
Talent Acquistion,Learning Agility Executive Assessment,Inexistence of a standardized and scientifically-proven assessment to measure the learning agility capabilities of potential new executive-level hires,Standardized assessment text for executive-level candidates powered by KornFerry,NO,Carolina Frederico,2. Growth,MTeam,New Hires,(1) Discover and apply for a position,N/A,Korn Ferry portal,Confidence score of hiring decision,N/A,N/A,N/A,N/A,N/A,N/A,N/A,N/A,N/A,N/A,N/A,N/A,N/A,Korn Ferry Platform,Manual,Medium Effort,Low tracking frequency,"Currently, we don’t collect this metric. We would need to create a survey to capture broader decision confidence in the executive hiring process.",Per Session Delivered,In a survey to be created,Post-hire attrition rate,N/A,N/A,N/A,N/A,N/A,N/A,N/A,N/A,N/A,N/A,N/A,N/A,N/A,Visier,Automated,Low Effort,Low tracking frequency,"we have the 90-day Rehire survey , but we have a low response rate.",Per Session Delivered,90-day Rehire survey,N/A,,,40,,,40,0.02,FALSE,Room for improvement,Room for improvement,Already Reviewed,Already Reviewed
Talent Acquistion,HackerRank,"Providing technical assessments at scale, some of which leverage auto-grading features","HackerRank is a technical assessment platform that enables the applicaiton at scale of standardized tests with structured evaluation criteria. It helps us identify qualified candidates faster, reduce bias, and streamline the hiring processes.",NO,Rafael Silva,3. Mature,P&C: Talent,"People Manager - All, All Nubankers, New Hires, Intern, Nubies",(1) Discover and apply for a position,N/A,HackerRank,Tests reply rate,N/A,N/A,N/A,N/A,N/A,N/A,N/A,N/A,N/A,N/A,N/A,N/A,N/A,HackerRank,Manual,,,,On demand,Greenhouse,N/A,N/A,N/A,N/A,N/A,N/A,N/A,N/A,N/A,N/A,N/A,N/A,N/A,N/A,N/A,N/A,,,,N/A,Sheets,Credits used (27K cap/year). Monitored extracting data from HackerRank manually and inputting it in a sheet.,,,30,,,30,0.02,FALSE,Adjusted,Adjusted,Already Reviewed,Already Reviewed
Talent Acquistion,VET,"VET (candidate background checks) address the risk of hiring individuals with undisclosed criminal records, or other red flags that could pose legal, security, or reputational risks to Nubank","Semi-automated background checks where candidates submit their information, which is then routed based on hiring country. External vendors perform criminal record and other checks, while internal teams perform fraud history reviews. Once completed, the status is updated in the ATS to inform TA if it’s safe to proceed or if they should seek additional support.",YES,Rafael Silva,3. Mature,All Nubankers,"People Manager - All, All Nubankers, New Hires",(1) Discover and apply for a position,N/A,VET Portal (CO) / VET Sheets (BR/MX),N/A,N/A,N/A,N/A,N/A,N/A,N/A,N/A,N/A,N/A,N/A,N/A,N/A,N/A,N/A,N/A,,,,N/A,N/A,# blocked hires due to background checks,N/A,N/A,N/A,N/A,N/A,N/A,N/A,N/A,N/A,N/A,N/A,N/A,N/A,VET Portal / VET Sheet,Manual,,,,Quarterly,Sheets,N/A,,,192,,,192,0.10,TRUE,Adjusted,Adjusted,Already Reviewed,Already Reviewed
PJC,Nucleo,"The lack of a central platform affects Nubankers in their efforts to learn what's needed to perform in their roles, leading to inefficiencies in scaling operational knowledge across the company","Nucleo is a learning platform that enables the scale of Nubank knowledge by organizing, curating, and delivering relevant content for onboarding and growth",NO,Liliane Takemoto,3. Mature,All Nubankers,N/A,(3) Perform my role,(4) Develop myself and grow,Degreed + LearnUpon,% nubankers with more than 1 training completed per month,30%,20%,17%,21%,17%,19%,15%,18%,22%,,,,,Degreed,Manual,,,,Monthly,BigQuery,N/A,0.3,N/A,N/A,N/A,N/A,N/A,N/A,N/A,N/A,N/A,N/A,N/A,N/A,N/A,Manual,,,,Monthly,BigQuery,N/A,760,20,0,0,0,780,0.41,TRUE,Adjusted,Adjusted,Already Reviewed,Already Reviewed